file_name,x,y,z,rx,ry,rz
20251105_105636,-750.000000,70.000000,720.000000,180.000000,-0.000000,45.000000
20251105_110004,-750.000000,-10.000000,720.000000,180.000000,-0.000000,45.000000
